Series Name,Series Code,Country Name,Country Code,2014 [YR2014],2015 [YR2015],2016 [YR2016],2017 [YR2017],2018 [YR2018],2019 [YR2019],2020 [YR2020],2021 [YR2021],2022 [YR2022],2023 [YR2023],2024 [YR2024]
Inflation, consumer prices (annual %),FP.CPI.TOTL.ZG,Ukraine,UKR,12.0718562874252,48.6998646434424,13.9127101997796,14.4383227488749,10.9518559353178,7.88671745611135,2.73249209419427,9.36313917695222,20.1836366617478,12.8490222828559,6.50198464669252
Inflation, consumer prices (annual %),FP.CPI.TOTL.ZG,Poland,POL,0.0538213132399892,-0.874125874125848,-0.664767331433944,2.07593553673849,1.81295156542687,2.22747880938301,3.37446972618589,5.05502704719269,14.4294507575758,11.5289127961105,3.78426007512869
Inflation, consumer prices (annual %),FP.CPI.TOTL.ZG,Afghanistan,AFG,4.67399603536345,-0.661709164713771,4.38389195513915,4.97595150553836,0.626149149168802,2.30237251516839,5.60188791482222,5.1332034082496,13.7121023720065,-4.64470870797776,-6.60118564073727
Inflation, consumer prices (annual %),FP.CPI.TOTL.ZG,Albania,ALB,1.62586504402611,1.89617402592365,1.27543168367414,1.98666133171195,2.02805963071135,1.41109078954247,1.62088661717011,2.04147163139547,6.72520271530052,4.75976421930108,2.21448953273292
Inflation, consumer prices (annual %),FP.CPI.TOTL.ZG,Algeria,DZA,2.91692692067458,4.78444700693894,6.39769480268751,5.5911159096167,4.26999020467083,1.95176821052892,2.41513094083414,7.22606307415475,9.26551551551555,9.32217375928319,4.04611455313438
Inflation, consumer prices (annual %),FP.CPI.TOTL.ZG,Angola,AGO,7.2803873036112,9.35597215533781,30.6944150806719,29.8444799015679,19.6289379701521,17.080954143438,22.271539247051,25.7542948841891,21.3552901320822,13.6441017767715,28.2404948915773
Inflation, consumer prices (annual %),FP.CPI.TOTL.ZG,Antigua and Barbuda,ATG,1.08944157435359,0.968993458825594,-0.489437796230531,2.43248789041367,1.20715793367006,1.43135598182988,0.625989707046714,2.06299638545329,7.53107834634287,5.06713865364216,6.19886698842119
Inflation, consumer prices (annual %),FP.CPI.TOTL.ZG,Armenia,ARM,2.98130868933676,3.73169119261694,-1.40360755900904,0.969553268816178,2.52023382001632,1.44344660770699,1.2114357783847,7.18483629443367,8.64091108973852,1.98041877615558,0.269511978259078
Inflation, consumer prices (annual %),FP.CPI.TOTL.ZG,Australia,AUS,2.48792270531401,1.5083667216592,1.2769909449733,1.94864740944521,1.91140094445694,1.6107678729038,0.846905537459283,2.86391042204996,6.59409671341846,5.59701492537313,3.16161428305747
Inflation, consumer prices (annual %),FP.CPI.TOTL.ZG,Austria,AUT,1.60581182954475,0.896563335260335,0.891591752655315,2.08126911385585,1.99837981429547,1.53089564152644,1.38191063351859,2.7666666666667,8.54686993188449,7.81413417002833,2.93791574279385
Inflation, consumer prices (annual %),FP.CPI.TOTL.ZG,Azerbaijan,AZE,1.37344181533176,4.02768573742726,12.4433748584372,12.9359184187335,2.26854690373999,2.61057182799215,2.75980947008127,6.65029912708779,13.8522590144267,8.78543049849081,2.21217188919901
Inflation, consumer prices (annual %),FP.CPI.TOTL.ZG,Bahrain,BHR,2.64755321246194,1.8486274237498,2.78679347602043,1.38671830576399,2.08766938046983,1.00582004702132,-2.31770629331375,-0.606319385140878,3.62574104304489,0.0746206782191527,0.919635459817729
Inflation, consumer prices (annual %),FP.CPI.TOTL.ZG,Bangladesh,BGD,6.99163889220849,6.19428022984985,5.51352572692994,5.70207015717244,5.54362139486472,5.59199639930633,5.69107474746208,5.54565430773475,7.69695437176898,9.88350303779208,10.4657482763412
Inflation, consumer prices (annual %),FP.CPI.TOTL.ZG,Belarus,BLR,18.1195543526734,13.5344897649735,11.8365807653496,6.03183725177786,4.8723022055069,5.59815595039853,5.54814357456511,9.46028389623105,15.209675274081,5.00059903091313,5.78531910427999
Inflation, consumer prices (annual %),FP.CPI.TOTL.ZG,Belgium,BEL,0.340002833356965,0.561429152790087,1.97385264653175,2.12597086002608,2.05316499865184,1.4368195699643,0.740791812220353,2.44024851144083,9.59751172872501,4.04901077613945,3.14349136500037
Inflation, consumer prices (annual %),FP.CPI.TOTL.ZG,Belize,BLZ,1.20139964481059,-0.86158400942767,0.663427167917562,1.14765339305811,0.269982622646363,0.187069385181459,0.121434644614868,3.23563659237068,6.27689319447547,4.38984017487678,3.28955985952764
Inflation, consumer prices (annual %),FP.CPI.TOTL.ZG,Benin,BEN,-0.548757550948178,0.218785923536209,-0.79331014578558,0.0432648555103161,0.919170717886098,0.732849371241047,3.02272119663757,1.73353962694033,1.35077863583529,2.73870078406076,1.16093089640415
Inflation, consumer prices (annual %),FP.CPI.TOTL.ZG,Bhutan,BTN,8.27106093949328,4.54814395082206,3.21988689395717,4.95508366985128,2.72396386183714,2.72643037388829,5.62936522632511,7.3468144053353,5.63916671396366,4.22934419929255,2.76131569624095
Inflation, consumer prices (annual %),FP.CPI.TOTL.ZG,Bolivia,BOL,5.76660074579141,4.05961041135646,3.62321431764138,2.8227580554717,2.27205987230154,1.83954504969027,0.940742153381827,0.737383721452307,1.74632872945968,2.57688800489189,5.09976568317427
Inflation, consumer prices (annual %),FP.CPI.TOTL.ZG,Bosnia and Herzegovina,BIH,-0.89719405419433,-1.03602303425471,-1.5841,0.810133321953058,1.41710814018034,0.562782154061217,-1.05129600763489,1.98163900587619,14.0208440826771,6.10590112848281,1.69212733599721
Inflation, consumer prices (annual %),FP.CPI.TOTL.ZG,Botswana,BWA,4.4022530924343,3.06203169580557,2.81495791361944,3.3082807676822,3.23801558947711,2.77286442863323,1.8903591682421,7.24097765588445,11.665567478802,5.06761549343829,2.8183513167625
Inflation, consumer prices (annual %),FP.CPI.TOTL.ZG,Brazil,BRA,6.32904015516141,9.02990102416137,8.73914352329392,3.44637335032668,3.66485028376727,3.73297621216898,3.21176803803373,8.30165975585677,9.28010608956872,4.59356282283203,4.36746407652335
Inflation, consumer prices (annual %),FP.CPI.TOTL.ZG,Brunei Darussalam,BRN,-0.207108731719819,-0.488347420743483,-0.278693265753081,-1.2605056462896,1.02505179290213,-0.390522069165538,1.94031996607182,1.73341388450597,3.68225030604211,0.35706431153695,-0.388674165036466
Inflation, consumer prices (annual %),FP.CPI.TOTL.ZG,Bulgaria,BGR,-1.41818380264845,-0.104633261008384,-0.798649886453677,2.06159619443141,2.8145447382483,3.10372944796774,1.67244096855763,3.29774435299508,15.3252589264367,9.44284140088566,2.44651943006078
Inflation, consumer prices (annual %),FP.CPI.TOTL.ZG,Burkina Faso,BFA,-0.25808951753536,0.7248389810706,0.441041448058777,1.48299897161327,1.95594302672532,-3.23338933983324,1.88470066518848,3.65326761825511,..,..,4.19081721344524
Inflation, consumer prices (annual %),FP.CPI.TOTL.ZG,Burundi,BDI,4.40535234185288,5.54468891259784,5.55768961400966,16.0525353030392,-2.81469807668464,-0.686772170797372,7.32110643415518,8.40453845076341,18.8008786664945,26.9414835762453,20.2124925027847
Inflation, consumer prices (annual %),FP.CPI.TOTL.ZG,Cabo Verde,CPV,-0.238778144990621,0.131187999024519,-1.40781637091705,0.784415251101357,1.25699566690508,1.10666674296062,0.605795808395438,1.86215297494641,7.9309292543009,3.72437517668746,1.04817001091962
Inflation, consumer prices (annual %),FP.CPI.TOTL.ZG,Cambodia,KHM,3.85568861424203,1.22393195511124,3.01913975139129,2.91263557371475,2.45908515380142,1.94257500833107,2.94029514263971,2.92073477592951,5.34370264895434,2.12746796594196,..
Inflation, consumer prices (annual %),FP.CPI.TOTL.ZG,Cameroon,CMR,1.85489850366779,2.67623531419901,0.874190383288837,0.640409149881966,1.0688581131292,2.45280214062729,2.43760882182241,2.27185762503636,6.24767713343864,7.38281384280978,4.53061267315864
Inflation, consumer prices (annual %),FP.CPI.TOTL.ZG,Canada,CAN,1.90663590717867,1.12524136094278,1.42875954701085,1.5968841285297,2.26822567248104,1.94926902411596,0.716999632307807,3.39519318527533,6.80280115341609,3.87900159788427,2.38158383281171
Inflation, consumer prices (annual %),FP.CPI.TOTL.ZG,Central African Republic,CAF,14.898684179755,1.40297017136817,4.94543276106514,4.1807233187127,1.61215686991552,2.68537355266785,1.71015659523154,4.25936417542868,5.58316735183248,2.97913852618937,1.47733600718747
Inflation, consumer prices (annual %),FP.CPI.TOTL.ZG,Chad,TCD,1.68197313925665,4.37712665065658,-0.792440525236024,-1.5370996298085,4.27462198610548,-0.971939175419342,4.46414437232861,-0.772844370359154,5.78802687843618,10.8363568399842,8.89950732263755
Inflation, consumer prices (annual %),FP.CPI.TOTL.ZG,Chile,CHL,4.71867527854673,4.34877353217046,3.78619355893118,2.18271846868521,2.43488981353054,2.55754475703329,3.0454908480433,4.52456838259137,11.643866711056,7.58168251407967,4.29763891572522
Inflation, consumer prices (annual %),FP.CPI.TOTL.ZG,China,CHN,1.92164162788522,1.43702380935656,2.00000182191942,1.59313600071433,2.07479039965575,2.89923416358229,2.41942189457778,0.981015135544894,1.97357555739052,0.23483682889306,0.218128938439166
Inflation, consumer prices (annual %),FP.CPI.TOTL.ZG,Colombia,COL,2.89883787761735,4.9898311584953,7.51346024627682,4.3143132569501,3.2405693293057,3.5230193274144,2.5266350008471,3.49505757399449,10.1772313546166,11.735904494869,6.60908593728228
Inflation, consumer prices (annual %),FP.CPI.TOTL.ZG,Costa Rica,CRI,4.51920098516959,0.801982005099561,-0.0174788505907852,1.6259069299173,2.22111461526584,2.09604635327805,0.724911478131341,1.72647755109242,8.27477490232656,0.525193508693476,-0.412853001047083
Inflation, consumer prices (annual %),FP.CPI.TOTL.ZG,Cote d'Ivoire,CIV,0.44868207676616,1.25149954781475,0.723178457513241,0.685881065304602,0.3594090313807,-1.10686343994195,2.42500656821817,4.09195189692865,5.27616724262842,4.38711707003282,3.46637314660163
Inflation, consumer prices (annual %),FP.CPI.TOTL.ZG,Croatia,HRV,-0.215196159576262,-0.464499004644924,-1.125,1.12937210282344,1.50012501041755,0.771820346498037,0.154811374562112,2.55450699642037,10.7805806758686,7.94128177586827,2.97200477643622
Inflation, consumer prices (annual %),FP.CPI.TOTL.ZG,Cyprus,CYP,-1.35498885446316,-2.09699769053113,-1.42916666666665,0.531766496174477,1.43549119531763,0.250370996758475,-0.638422797978945,2.44608867175474,8.39548297993332,3.54134188751658,1.80023018624818
Inflation, consumer prices (annual %),FP.CPI.TOTL.ZG,Czechia,CZE,0.343988589646766,0.309364548495,0.683504209385646,2.45053398460141,2.14949494949498,2.84787595918044,3.16129528497808,3.83984491500143,15.1001651468372,10.6612601372426,2.43531202435312
Inflation, consumer prices (annual %),FP.CPI.TOTL.ZG,Denmark,DNK,0.564020540449519,0.452034153691592,0.25000000000002,1.14713216957606,0.813609467455621,0.758131572511616,0.420711974110097,1.85304543989681,7.69656699889264,3.30517811237605,1.37220049768919
Inflation, consumer prices (annual %),FP.CPI.TOTL.ZG,Djibouti,DJI,1.34186494340158,-0.847389733971989,2.73841208738758,0.568112117084724,0.147970849877118,3.31925372703827,1.77740783806177,1.18191775339798,5.17980847967062,1.49506816515083,2.07655387954205
Inflation, consumer prices (annual %),FP.CPI.TOTL.ZG,Dominica,DMA,0.799250372687505,-0.843826984638284,0.14181622573231,0.296252889279519,0.989191119189886,1.50462353858142,1.22026442242472,2.22891330700348,2.88490226829352,5.08677483158105,2.58973869112059
Inflation, consumer prices (annual %),FP.CPI.TOTL.ZG,Dominican Republic,DOM,2.9986422612522,0.836746346724547,1.6141660724522,3.27955694678547,3.5644342601351,1.8106037704296,3.78103179915515,8.2430034798181,8.81109209279586,4.78561281021137,3.30223338951224
Inflation, consumer prices (annual %),FP.CPI.TOTL.ZG,Ecuador,ECU,3.58922016616669,3.96664623255353,1.72826463324535,0.41733558866682,-0.224103246005501,0.266012515466146,-0.338872392562181,0.133251386096379,3.46616972213076,2.21568764237062,1.54732515615369
Inflation, consumer prices (annual %),FP.CPI.TOTL.ZG,El Salvador,SLV,1.14134467538236,-0.731384487387936,0.604049086996647,1.01235403315575,1.09033000581892,0.0753241350024998,-0.37159021232411,3.46692585313084,7.19861615609861,4.04554694222478,0.853782292567271
Inflation, consumer prices (annual %),FP.CPI.TOTL.ZG,Equatorial Guinea,GNQ,4.30999866149104,1.67663085315991,1.4119391547901,0.744354746612477,1.06007410662165,1.53027528964192,4.76669523944226,-0.0971007664640153,4.78671704710806,2.85949506037317,2.92140227309108
Inflation, consumer prices (annual %),FP.CPI.TOTL.ZG,Estonia,EST,-0.106175146521685,-0.492326006547392,0.148684907627365,3.41723549488055,3.43632688420446,2.27725931243518,-0.444531097679813,4.65316673847475,19.3982634080616,9.15922507983982,3.52056053296582
Inflation, consumer prices (annual %),FP.CPI.TOTL.ZG,Ethiopia,ETH,6.89001951597188,9.56889955968623,6.62813337230927,10.6871150284238,13.8330356586661,15.8096321719344,20.3563468559061,26.8395221557722,33.8898797100898,30.2188278135278,21.0377460577711
Inflation, consumer prices (annual %),FP.CPI.TOTL.ZG,Fiji,FJI,0.519306474579164,1.37488542621438,3.86322538221276,3.34757834757835,4.0814763764453,1.77310182460277,-2.59524325887374,0.155855722131513,4.52019266394958,2.14817440623892,4.51138256524156
Inflation, consumer prices (annual %),FP.CPI.TOTL.ZG,Finland,FIN,1.04119621178439,-0.207928839905252,0.356684500891724,0.754015047084353,1.08382098409304,1.02409392963425,0.290554555653304,2.19457432340004,7.12350773301401,6.25064322154762,1.5656890623162
Inflation, consumer prices (annual %),FP.CPI.TOTL.ZG,France,FRA,0.507758822937963,0.0375143805125298,0.183334861123829,1.03228275064667,1.85081508315501,1.10825492288292,0.476498852725014,1.64233141038393,5.22236748369736,4.87835726508438,1.99904942291464
Inflation, consumer prices (annual %),FP.CPI.TOTL.ZG,Gabon,GAB,4.69045751826286,-0.338795188753388,2.10670712784051,2.65192583143897,4.74906652083221,2.46456756151188,1.35276110675338,1.08690746519409,4.23124798274575,3.62901534185377,1.17311998381216
Inflation, consumer prices (annual %),FP.CPI.TOTL.ZG,Georgia,GEO,3.06881210379543,4.00357820695097,2.13492713939121,6.03531725272117,2.6152447139767,4.85289821696723,5.2024648897534,9.56691433824769,11.8981654203198,2.48776056578715,1.10971758022096
Inflation, consumer prices (annual %),FP.CPI.TOTL.ZG,Germany,DEU,0.906794000434214,0.514426137125455,0.491747008445213,1.50949485109622,1.73216879766948,1.44565976888253,0.144877925813963,3.0666666666667,6.87257438551096,5.94643667725828,2.25649814338757
Inflation, consumer prices (annual %),FP.CPI.TOTL.ZG,Ghana,GHA,15.4896160333319,17.1499695007878,17.4546347070868,12.3719215507049,7.80876516610703,7.14364003330856,9.88728956269943,9.97108867504442,31.2558951049016,38.1069656296501,22.8483281157842
Inflation, consumer prices (annual %),FP.CPI.TOTL.ZG,Greece,GRC,-1.3122609640551,-1.73588804765284,-0.825653978390973,1.1212545203142,0.625621413453609,0.253007522038191,-1.24798355581408,1.22382501019854,9.64525981280638,3.46480128513402,2.74149045788606
Inflation, consumer prices (annual %),FP.CPI.TOTL.ZG,Grenada,GRD,-0.98360305555495,-0.515448031435303,1.65038994431567,0.908458255874258,0.804102313277022,0.598149764736098,-0.740732597045526,1.21951193916835,2.58053925907924,2.6961226981456,1.08615365134744
Inflation, consumer prices (annual %),FP.CPI.TOTL.ZG,Guatemala,GTM,3.41836169662961,2.3887203283955,4.44844199942828,4.42453655182547,3.75186186704505,3.69998398008605,3.21444062197349,4.26105127422814,6.88512823344283,6.20657592272128,2.86992752918293
Inflation, consumer prices (annual %),FP.CPI.TOTL.ZG,Guinea,GIN,6.15050556706421,11.7800825029834,8.17268112275132,8.91435947913094,9.82761701259194,9.4700103925301,10.6016203387167,12.5972882566934,10.4930409984424,7.80497591927974,8.12313914948598
Inflation, consumer prices (annual %),FP.CPI.TOTL.ZG,Guinea-Bissau,GNB,-1.509244605705,1.47672048910486,1.50312055861089,1.69111461822294,0.38132470279102,0.246600268147865,1.14000939393216,2.24248879577664,9.39075933985203,7.10220928557054,3.76555825770116
Inflation, consumer prices (annual %),FP.CPI.TOTL.ZG,Guyana,GUY,0.852630497539887,-1.00173432776374,0.836008061506277,1.90465615515585,1.28284288443521,2.08723089162013,0.993337022838761,5.03285574626701,6.11505550109937,2.82110335099639,2.90395226446371
Inflation, consumer prices (annual %),FP.CPI.TOTL.ZG,Haiti,HTI,3.43816659958603,6.73184069659001,11.5029073942666,10.6800887242584,12.4814111170435,18.7037825672506,22.7963113642528,16.8415240198785,33.98393194707,36.8135162780853,26.9490564091987
Inflation, consumer prices (annual %),FP.CPI.TOTL.ZG,Honduras,HND,6.1292493031302,3.15783117980925,2.72461223295284,3.93436084442048,4.34734937777525,4.36587159819271,3.46841177951179,4.48087963413447,9.08963911525025,6.66325180347458,4.60621098127105
Inflation, consumer prices (annual %),FP.CPI.TOTL.ZG,Hungary,HUN,-0.227566270988277,-0.0616446800641597,0.39476930668638,2.3482428115016,2.8502479259464,3.33858635382014,3.3267438576673,5.1109653438286,14.6081439492433,17.1249659678737,3.70370370370367
Inflation, consumer prices (annual %),FP.CPI.TOTL.ZG,Iceland,ISL,2.04461481539334,1.63305558181334,1.69692761997744,1.76041559180602,2.68291768267385,3.01397179156058,2.8479240151866,4.44423970189744,8.30875511558923,8.73630299937292,5.85683849970069
Inflation, consumer prices (annual %),FP.CPI.TOTL.ZG,India,IND,6.66565671867896,4.9069734412726,4.94821634062135,3.328173374613,3.93882646691633,3.72950573539127,6.62343677628536,5.13140747176368,6.69903414079849,5.64914318907929,4.95303550973652
Inflation, consumer prices (annual %),FP.CPI.TOTL.ZG,Indonesia,IDN,6.39492882396561,6.36312061196643,3.52580452815451,3.80879857691949,3.19834755924998,3.03058460941658,1.91983527270797,1.56007882983335,4.20946463714783,3.6693865485976,2.18151273615187
Inflation, consumer prices (annual %),FP.CPI.TOTL.ZG,Ireland,IRL,0.190916398713822,-0.330959783371778,0.0201247735962648,0.362173038229412,0.471130713712891,0.937842961189285,-0.326183651280059,2.34034113447046,7.82945736434107,6.29942487419122,2.11344999577319
Inflation, consumer prices (annual %),FP.CPI.TOTL.ZG,Israel,ISR,0.467557251908428,-0.617342577642716,-0.53516819571867,0.249807840122998,0.805060379528465,0.817645940292847,-0.575254620897805,1.47965474722565,4.41162725488366,4.22522603168918,3.0748088980503
Inflation, consumer prices (annual %),FP.CPI.TOTL.ZG,Italy,ITA,0.241047429826794,0.0387903996579146,-0.094016656915686,1.22653316645805,1.13748763600396,0.611246943765281,-0.137707573916501,1.87378325762482,8.20128991161714,5.62219442195906,0.98237302306138
Inflation, consumer prices (annual %),FP.CPI.TOTL.ZG,Jamaica,JAM,8.27407886231418,3.69154228855719,2.35102197485846,4.37839864991563,3.73663882152162,3.90510000865874,5.2267777929352,5.86278242801063,10.3495688391272,6.47413734662062,5.4119444798166
Inflation, consumer prices (annual %),FP.CPI.TOTL.ZG,Japan,JPN,2.75922671353253,0.795279630579784,-0.127258844489712,0.484199796126422,0.989094598021811,0.468776159383928,-0.024995834027682,-0.23335277939831,2.49770278172251,3.26813365933164,2.73853681635243
Inflation, consumer prices (annual %),FP.CPI.TOTL.ZG,Jordan,JOR,2.89947905006051,-0.876851359704029,-0.77843046305416,3.32389447576103,4.46231108475482,0.76151404726555,0.333294350628422,1.34609377243117,4.22915568897118,2.08486986327134,1.55659611283951
Inflation, consumer prices (annual %),FP.CPI.TOTL.ZG,Kazakhstan,KAZ,6.84944977003358,6.67828585615236,14.3610942386248,7.44266321306799,6.16366247577756,5.33356098916663,6.71815454861464,8.04147134028391,15.0278644440851,14.7249900200331,8.83943897452672
Inflation, consumer prices (annual %),FP.CPI.TOTL.ZG,Kenya,KEN,6.87815499275944,6.58215429284783,6.29724953814624,8.00564967709946,4.68980646776328,5.23963795764789,5.40516207933395,6.10793603659178,7.65986268272222,7.67139634029401,4.48978854243448
Inflation, consumer prices (annual %),FP.CPI.TOTL.ZG,Kosovo,XKX,0.428957808324131,-0.536929392740622,0.27316943104545,1.48823430592319,1.05379773654994,2.67599202639889,0.198227922994847,3.35369139207997,11.5805104542013,4.94432438791278,1.61944994559479
Inflation, consumer prices (annual %),FP.CPI.TOTL.ZG,Kuwait,KWT,2.90892672858624,3.27170166092134,3.19839776658376,2.17183298510004,0.543133148199583,1.09184802655853,2.10172954827401,3.42362947609189,3.98064961990316,3.64216403030709,2.89855072463763
Inflation, consumer prices (annual %),FP.CPI.TOTL.ZG,Lao PDR,LAO,4.12924306873774,1.27735427102992,1.59691227583207,0.825478607568033,2.04039266890203,3.32255881256922,5.10407262959923,3.75562036658876,22.9562225132056,31.2301341732645,23.1305695942589
Inflation, consumer prices (annual %),FP.CPI.TOTL.ZG,Latvia,LVA,0.620490636732384,0.174242243625212,0.140633334505294,2.9303631237467,2.53445424186594,2.81140920075619,0.219064904842114,3.27582937431156,17.3102830198815,8.93804623316639,1.26579885828729
Inflation, consumer prices (annual %),FP.CPI.TOTL.ZG,Lebanon,LBN,1.85460421340912,-3.74914524799631,-0.783359624361525,4.32135218303191,6.07698907889611,3.00538949390382,84.864333047204,154.756096023393,171.205491336641,221.341644023365,45.2430422716718
Inflation, consumer prices (annual %),FP.CPI.TOTL.ZG,Lesotho,LSO,5.3702896100859,3.2184451365593,6.59650490696546,4.44769937376297,4.75180301624745,5.18708359197979,4.97809676252311,6.04774591950677,8.27180389943026,6.3422174312495,6.10544624245031
Inflation, consumer prices (annual %),FP.CPI.TOTL.ZG,Liberia,LBR,9.86111285574906,7.74869687621319,8.83424868336489,12.4196323907138,23.5635148953742,26.9662760197878,16.9557241496254,7.8155938585865,7.59298486560314,10.0944535665552,8.21497439118963
Inflation, consumer prices (annual %),FP.CPI.TOTL.ZG,Libya,LBY,2.43294141599223,10.4022933588151,25.8538742124461,25.8036184788337,13.1702038536721,-2.16217883470595,1.44703656998739,2.86833027751023,4.51030149235701,2.37317531435169,2.12615766885024
Inflation, consumer prices (annual %),FP.CPI.TOTL.ZG,Lithuania,LTU,0.103758009433719,-0.884097405500606,0.905525075460343,3.72288862303706,2.69792779208392,2.33450937988028,1.19989444983568,4.68354420903455,19.7050461518394,9.11731962390473,0.715735835228697
Inflation, consumer prices (annual %),FP.CPI.TOTL.ZG,Luxembourg,LUX,0.628543985440711,0.474743161437794,0.2908333333333,1.73079959118893,1.52819524307374,1.74332075653852,0.819957302127018,2.52692009066169,6.33600807777913,3.74140361983141,2.05113269954858
Inflation, consumer prices (annual %),FP.CPI.TOTL.ZG,Maldives,MDV,2.12000175718132,0.953206658777646,0.502509413611629,2.81747338234509,-0.13337338611759,0.220029731065378,-1.36977425569811,0.543149688736963,2.33314337624572,2.92746542425037,1.39979779674922
Inflation, consumer prices (annual %),FP.CPI.TOTL.ZG,Mali,MLI,0.883814547137851,1.45069057605953,-1.79964707083378,1.75985742927157,0.299546507387863,-1.65826694846365,0.438088940320735,3.9256028310427,9.62147608489068,2.0588022827422,3.20639864099661
Inflation, consumer prices (annual %),FP.CPI.TOTL.ZG,Malta,MLT,0.31030647218172,1.10054826378928,0.642702771527302,1.36435448150708,1.15782362451512,1.64206001768947,0.638544956776647,1.49789217934731,6.15375621933036,5.09396758978879,1.65079469283108
Inflation, consumer prices (annual %),FP.CPI.TOTL.ZG,Mauritania,MRT,3.53436856147326,3.25472688117632,1.4717104565,2.2542765193481,3.06735996058356,2.30009262117939,2.38569488456317,3.5651648465019,9.52526628622842,4.95305034506869,2.49164347481971
Inflation, consumer prices (annual %),FP.CPI.TOTL.ZG,Mauritius,MUS,3.21769191994685,1.28654970760231,0.977675134719007,3.66699702675919,3.21605383144576,0.405655190309536,2.58080077182826,4.02852888157382,10.7737512242899,7.05298238454734,3.60452203847959
Inflation, consumer prices (annual %),FP.CPI.TOTL.ZG,Mexico,MEX,4.01861608078671,2.72064064964029,2.82170784747655,6.04145724018993,4.89935015356547,3.63596142127045,3.39683415570006,5.68920847683757,7.89627619168551,5.52796087314385,4.72225588452935
Inflation, consumer prices (annual %),FP.CPI.TOTL.ZG,Moldova,MDA,5.08878554625884,9.67624033101852,6.3593089803794,6.57022997455602,3.04505397337069,4.83778351428724,3.76597122245358,5.10641129002836,28.7372976766236,13.4170104381299,4.67773516007053
Inflation, consumer prices (annual %),FP.CPI.TOTL.ZG,Mongolia,MNG,12.253980812976,5.73568281938325,0.733272227314403,4.30143105302339,6.82424790145522,7.30106953550727,3.7237230614026,7.35894657888157,15.1509728200805,10.3503418210123,6.20567819137862
Inflation, consumer prices (annual %),FP.CPI.TOTL.ZG,Montenegro,MNE,-0.710514051710221,1.54869158222486,-0.27138502338522,2.38023599053135,2.61122378263799,0.361563704540745,-0.255655699848511,2.41080198403166,13.0403036347004,8.58476910455405,3.3367500928228
Inflation, consumer prices (annual %),FP.CPI.TOTL.ZG,Morocco,MAR,0.442310053557046,1.55790711346268,1.63531114327063,0.754663249323624,1.80391671141895,0.303386036590358,0.705968661338224,1.40195883962015,6.65704202759066,6.09114152504136,0.985256592004508
Inflation, consumer prices (annual %),FP.CPI.TOTL.ZG,Mozambique,MOZ,2.55974875844295,3.55075967356746,17.4180418197597,15.1132073899384,3.91133439990731,2.80270307928108,3.48393567493207,6.40847652975689,10.2794018093421,7.12697482131851,4.07856834812022
Inflation, consumer prices (annual %),FP.CPI.TOTL.ZG,Namibia,NAM,5.35016966859598,3.39401538410559,6.72858234593342,6.14579981111163,4.2915910533787,3.72239414422697,2.20938236933471,3.61690530108811,6.08128114112416,5.87993463284272,4.23903922877039
Inflation, consumer prices (annual %),FP.CPI.TOTL.ZG,Nepal,NPL,8.36415469659563,7.86890895590899,8.79034332004633,3.62709610696607,4.0611633875107,5.56868547784929,5.05236655289212,4.14968003360264,7.6507917679853,7.11475951738199,..
Inflation, consumer prices (annual %),FP.CPI.TOTL.ZG,Netherlands,NLD,0.976035079699672,0.600248147278746,0.3166666666667,1.38145871407207,1.70349794744475,2.63369910249596,1.27246037789166,2.67572008805385,10.0012078753473,3.8383935434281,3.3475430421995
Inflation, consumer prices (annual %),FP.CPI.TOTL.ZG,New Zealand,NZL,1.22750750597406,0.292704628136088,0.646240284454499,1.85078767452534,1.59829703801696,1.61963190184049,1.71456170007245,3.94112060778727,7.17222476016446,5.73316283034953,2.92279782301955
Inflation, consumer prices (annual %),FP.CPI.TOTL.ZG,Nicaragua,NIC,6.03596861798429,3.99737996694396,3.52317317628478,3.85067166284727,4.94723728039881,5.37628990844127,3.68181341625574,4.92841396948965,10.4674244465991,8.38765854872534,4.62473841057143
Inflation, consumer prices (annual %),FP.CPI.TOTL.ZG,Niger,NER,-0.930287259984459,-0.576090369833122,1.65388922387806,2.79637318871282,2.9676036600445,-2.48979265070854,2.89819376026277,3.83786802840501,4.22621791916397,3.70097316425831,9.07151997725012
Inflation, consumer prices (annual %),FP.CPI.TOTL.ZG,Nigeria,NGA,8.04741087967908,9.00943498007703,15.6968126387972,16.5022662139641,12.0951065173432,11.3964223378115,13.2460234276598,16.9528457221608,18.8471877843274,24.6595502031139,33.2420966545405
Inflation, consumer prices (annual %),FP.CPI.TOTL.ZG,North Macedonia,MKD,-0.281705032928494,-0.299920475631552,-0.23929078768441,1.35161889677442,1.45831298507117,0.766439573459716,1.20007348888486,3.23074912132919,14.2047173195833,9.36187249769015,3.48974086026954
Inflation, consumer prices (annual %),FP.CPI.TOTL.ZG,Norway,NOR,2.0417028670721,2.17113665389527,3.55,1.87510059552554,2.76483134528787,2.16773003305404,1.28658490707998,3.48388055266683,5.76412317852275,5.51784987104656,3.14530134431072
Inflation, consumer prices (annual %),FP.CPI.TOTL.ZG,Oman,OMN,1.01401483924157,0.0652901330286023,1.10920805807031,1.58909413567799,0.889312370970333,0.490815362820714,-0.406402919465837,1.68221185876079,2.50614250614251,0.950782997762896,0.593589236248421
Inflation, consumer prices (annual %),FP.CPI.TOTL.ZG,Pakistan,PAK,7.18938402847027,2.52932817254228,3.7651191635658,4.08537368032612,5.07805725868913,10.5783618004555,9.73999313898157,9.49621056124947,19.8738599646655,30.7681280657005,12.6325318530452
Inflation, consumer prices (annual %),FP.CPI.TOTL.ZG,Palau,PLW,4.19174548581257,0.949040643697096,-1.04230533415081,1.41798819666923,2.10970464135021,0.267379679144385,0.218181818181818,2.61248185776488,12.3526638378124,12.8199748216534,2.23172772921704
Inflation, consumer prices (annual %),FP.CPI.TOTL.ZG,Panama,PAN,2.62652699929146,0.137492058461539,0.739734025300032,0.875585918759832,0.761578359399968,-0.355083821021219,-1.55027540803762,1.63070337301895,2.85965128834714,1.48641355277038,0.693225551004513
Inflation, consumer prices (annual %),FP.CPI.TOTL.ZG,Papua New Guinea,PNG,5.22211720226843,5.99595778127105,6.67372881355932,5.42204568023833,4.37448921453165,3.92867290939596,4.87167398565552,4.48359014042398,5.25323922215241,2.29869991296791,0.602403921107926
Inflation, consumer prices (annual %),FP.CPI.TOTL.ZG,Paraguay,PRY,5.02882767456759,3.12900274473927,4.08682280577241,3.60247741348943,3.97561015740694,2.75709727562778,1.76751592356698,4.78798310123602,9.76556667164403,4.63202285403355,3.83540271728534
Inflation, consumer prices (annual %),FP.CPI.TOTL.ZG,Peru,PER,3.41194579807468,3.39809194746301,3.55717663556283,2.99490045809443,1.50915423024742,2.25212191358024,2.00241205759293,4.27166381536798,8.33370630096233,6.45561348369583,2.00770739412715
Inflation, consumer prices (annual %),FP.CPI.TOTL.ZG,Philippines,PHL,3.59782343864207,0.674192536845415,1.25369880080983,2.85318772590943,5.3093466162771,2.39206534422405,2.39316239316239,3.92718022100329,5.82115811213955,5.97802515541414,3.21260487006343
Inflation, consumer prices (annual %),FP.CPI.TOTL.ZG,Portugal,PRT,-0.278153367467495,0.487938623904796,0.607397074641636,1.36861411643479,0.99371568346828,0.338178410046057,-0.0124383299575331,1.26565719069041,7.83269124233322,4.3112819189868,2.41613187791876
Inflation, consumer prices (annual %),FP.CPI.TOTL.ZG,Qatar,QAT,3.3497208565953,1.81407723937758,2.67659170098194,0.394878914082963,0.255815382724384,-0.66664112486111,-2.54031503004764,2.30446565742007,4.99527553740757,3.02764899198904,1.26734310292379
Inflation, consumer prices (annual %),FP.CPI.TOTL.ZG,Romania,ROU,1.06830987684295,-0.594156437495146,-1.54479666813903,1.33902121104398,4.62548443137774,3.82785432599435,2.63107311184746,5.05232876096582,13.7954887432521,10.3971874764996,5.72140574354435
Inflation, consumer prices (annual %),FP.CPI.TOTL.ZG,Rwanda,RWA,2.35449052820362,2.52850284192419,7.17434301982013,8.27953672260832,-0.311210160390699,3.34787655037643,9.85039902274208,-0.391346748300811,17.6892095588153,19.789546746467,1.77029240198634
Inflation, consumer prices (annual %),FP.CPI.TOTL.ZG,Samoa,WSM,-0.406816088424915,0.724470134874755,1.30471869303183,1.74989677484703,4.19745888663753,0.982326569888101,-1.56891247740897,3.13320473174495,10.9618822286844,7.92164684826778,2.17245530514378
Inflation, consumer prices (annual %),FP.CPI.TOTL.ZG,San Marino,SMR,1.11296303373857,0.145686073241017,0.644075340346542,1.01413313194516,1.16333522293151,0.472651967352905,-0.133368898372899,1.61551411551418,5.32545321311364,5.93190858629402,1.24216507945573
Inflation, consumer prices (annual %),FP.CPI.TOTL.ZG,Sao Tome and Principe,STP,6.9984994396642,5.24587835022454,5.43051966119157,5.69029619929019,7.86859628873909,7.72024525213249,9.81932791540148,8.13777038378729,18.0056351122841,21.2589138473,14.3519273571008
Inflation, consumer prices (annual %),FP.CPI.TOTL.ZG,Saudi Arabia,SAU,2.23916590559671,1.20469388504568,2.06740778344411,-0.836410331520586,2.45719835917882,-2.0933490096655,3.4454670643357,3.06328988941548,2.47407371925371,2.32708518362698,1.68792112375813
Inflation, consumer prices (annual %),FP.CPI.TOTL.ZG,Senegal,SEN,-1.09025507446892,0.13521193363519,0.837284942557429,1.31815314847783,0.460985642464248,1.7601115119294,2.5431468568166,2.18032278088143,9.69681899081074,5.93947798773216,0.804503298792415
Inflation, consumer prices (annual %),FP.CPI.TOTL.ZG,Serbia,SRB,2.08244793880153,1.39235822000189,1.12231397417765,3.13106248590118,1.95984076293799,1.84922984511088,1.57553290083412,4.08510285335106,11.9815117344702,12.3719043552519,4.67052974889971
Inflation, consumer prices (annual %),FP.CPI.TOTL.ZG,Seychelles,SYC,1.3858345458126,4.0419441072562,-1.01548191697632,2.85679575568443,3.70291839111562,1.80709400809983,1.20266463987124,9.76909936973547,2.62603632851287,-1.03530088431951,0.311726050919631
Inflation, consumer prices (annual %),FP.CPI.TOTL.ZG,Sierra Leone,SLE,4.63931171409662,6.68943562498678,10.8860609413904,18.2215094003386,16.0295447693698,14.8049990906021,13.4468711101052,11.8739588840234,27.2082883814653,47.6428733253179,28.6337500014115
Inflation, consumer prices (annual %),FP.CPI.TOTL.ZG,Singapore,SGP,1.03316955857629,-0.521975611895757,-0.529809760375466,0.576763191180009,0.438784215129628,0.567829988405464,-0.172111865925357,2.31610315765142,6.13095418919736,4.83372362825795,2.38951123595021
Inflation, consumer prices (annual %),FP.CPI.TOTL.ZG,Slovak Republic,SVK,-0.0761653295419925,-0.325219777427695,-0.520010196278297,1.31194588223234,2.5140371288381,2.66456133425436,1.93694126694221,3.14960629921267,12.774146363761,10.5319476645211,2.75760909424273
Inflation, consumer prices (annual %),FP.CPI.TOTL.ZG,Slovenia,SVN,0.199343826570771,-0.525552285820832,-0.0549995416704661,1.42910743319303,1.73860861988179,1.63052260754342,-0.0548568157606016,1.91706506089263,8.83369886749455,7.44687717385836,1.96562656432507
Inflation, consumer prices (annual %),FP.CPI.TOTL.ZG,Solomon Islands,SLB,..,-0.574469286359497,0.512485626268804,0.488686760261009,3.46147484973737,1.63485544012245,2.96354992076063,-0.115437894412806,5.51812928576935,5.88585897042163,4.32183948388033
Inflation, consumer prices (annual %),FP.CPI.TOTL.ZG,South Africa,ZAF,6.13282953059149,4.5186909489251,6.60290842394869,5.18618655524146,4.50987264867393,4.1028507546115,3.23238831615119,4.61874544887136,7.03987272546481,6.07524384579656,4.36115246518963
Inflation, consumer prices (annual %),FP.CPI.TOTL.ZG,South Sudan,SSD,1.67429906295521,52.7663304192143,379.999585624026,187.851630279442,83.5015294922,87.2413641500032,29.6758435538571,10.5167158294359,-6.68732094212666,2.38280434813755,91.4408220769045
Inflation, consumer prices (annual %),FP.CPI.TOTL.ZG,Spain,ESP,-0.151114837527205,-0.50036570990325,-0.20259800042646,1.95607633363965,1.67498136863794,0.699518994458692,-0.322753017299685,3.09313511976412,8.39057634118634,3.53236133492429,2.77417826534775
Inflation, consumer prices (annual %),FP.CPI.TOTL.ZG,Sri Lanka,LKA,3.1790022823606,3.76836783062097,3.95888846593072,7.70413767850602,2.13503773713198,3.52839358231813,6.15394508391736,7.01478071238194,49.7211021114328,16.5411742279832,-0.42936004906972
Inflation, consumer prices (annual %),FP.CPI.TOTL.ZG,St. Kitts and Nevis,KNA,0.247865392364864,-2.30187563045608,-0.687037123294052,0.694916711613536,-1.03712214131572,-0.329562063663953,-1.16724501769354,1.19568887038398,2.66817533111249,3.55711230848244,1.09538753034508
Inflation, consumer prices (annual %),FP.CPI.TOTL.ZG,St. Lucia,LCA,3.51695551369242,-0.983600952697011,-3.0782176567693,0.104262078958442,1.93561893150608,0.539087559191736,-1.75580833517593,2.41070312174389,6.37814695133356,4.070608219262,-0.110283575834663
Inflation, consumer prices (annual %),FP.CPI.TOTL.ZG,St. Vincent and the Grenadines,VCT,0.193858560794014,-1.73361194953954,-0.149641647633268,2.15333648840511,2.32414485367922,0.91306972532454,-0.62813130935467,1.57272932500558,5.66009779226555,4.56457719814893,3.62770736940929
Inflation, consumer prices (annual %),FP.CPI.TOTL.ZG,Sudan,SDN,36.9066427863594,16.9095706050979,17.7502538311959,32.3516260968437,63.2925073455883,50.9940515002971,163.257782355457,359.093040779,138.808460241759,..,..
Inflation, consumer prices (annual %),FP.CPI.TOTL.ZG,Sweden,SWE,-0.179638494114693,-0.046784744983309,0.984269244578052,1.79449904665588,1.95353530127028,1.78415097403837,0.497367318853587,2.16319736447151,8.36929098869185,8.54862489748906,2.8358165822403
Inflation, consumer prices (annual %),FP.CPI.TOTL.ZG,Switzerland,CHE,-0.0132025387514989,-1.14390867228183,-0.434618664285838,0.533787839825897,0.936335464113563,0.362886179940615,-0.725874933313387,0.581814168489858,2.8350279864446,2.13540088016377,1.06234041976597
Inflation, consumer prices (annual %),FP.CPI.TOTL.ZG,Tanzania,TZA,6.13161432988011,5.58816952959303,5.17476629301494,5.31871605228926,3.49445848856184,3.46428057999023,3.29029062798325,3.69091958802198,4.35027204269098,3.7992329138492,3.05694676312369
Inflation, consumer prices (annual %),FP.CPI.TOTL.ZG,Thailand,THA,1.89514181898785,-0.90042496329158,0.188149704448176,0.66563189313511,1.06389754183025,0.706728601314275,-0.845937147357064,1.23039541318384,-1.6106803048669,8.47805174421546,1.3658054079804
Inflation, consumer prices (annual %),FP.CPI.TOTL.ZG,Timor-Leste,TLS,0.726275016139422,0.552796026277853,-1.33853876185165,0.557215537430361,2.63647201015897,0.958812739703131,0.495499215459576,3.69792094666786,7.00530945399787,8.42035103310375,2.06284153005467
Inflation, consumer prices (annual %),FP.CPI.TOTL.ZG,Togo,TGO,0.190875076249796,2.58500390801596,1.28544847051411,-0.981889868943067,0.92775542645718,0.674652770077458,1.69928463299407,4.18621506523519,7.96757361617943,5.48928568141135,2.862620740898
Inflation, consumer prices (annual %),FP.CPI.TOTL.ZG,Tonga,TON,2.510876332537,-1.05399831971284,2.57815515245078,7.51706283551121,5.03209691984879,1.17954334821804,-0.349737696727462,5.64051140636744,10.9713652903022,6.35112980255185,3.18364611260053
Inflation, consumer prices (annual %),FP.CPI.TOTL.ZG,Trinidad and Tobago,TTO,5.68441814595663,4.66121598098264,3.07066742464025,1.88038440183529,1.01856930188824,1.00054293027233,0.598986330824666,2.05922746915457,5.82838638517964,4.62930242419965,0.526884625776817
Inflation, consumer prices (annual %),FP.CPI.TOTL.ZG,Tunisia,TUN,4.62555099534026,4.437371273215,3.62939937384382,5.30884839565845,7.30759176031653,6.72007532863797,5.63415115897626,5.70635020830701,8.30646124447624,9.32899597507864,7.20661657168791
Inflation, consumer prices (annual %),FP.CPI.TOTL.ZG,Turkiye,TUR,8.8545727136432,7.67085364845881,7.77513415328327,11.1443110840765,16.3324638988928,15.1768215720023,12.2789574462574,19.5964926913324,72.3088359891207,53.8594087593315,58.5064507300342
Inflation, consumer prices (annual %),FP.CPI.TOTL.ZG,Uganda,UGA,3.07570668958643,5.58968606251723,5.70637504616216,5.20971705914208,2.61601190952271,2.86758803446903,3.31332289544504,2.20457204757409,7.19578885975811,5.35094804280395,3.32338067086562
Inflation, consumer prices (annual %),FP.CPI.TOTL.ZG,United Arab Emirates,ARE,2.34626865671642,4.06996608361595,1.61748808904197,1.96682557818841,3.06863379251993,-1.93108114782171,-2.0794031794094,0.17993533617437,5.29122604376852,1.62670837213252,1.66336510224892
Inflation, consumer prices (annual %),FP.CPI.TOTL.ZG,United Kingdom,GBR,1.45112016293279,0.36804684232537,1.00841736811403,2.55775577557753,2.29283990345937,1.73810460086515,0.989486703772449,2.5183710961421,7.92204883147907,6.79396706793964,3.27157294635921
Inflation, consumer prices (annual %),FP.CPI.TOTL.ZG,United States,USA,1.62222297740817,0.118627135552451,1.26158320570536,2.13011000365961,2.44258329692817,1.81221007526021,1.23358439630629,4.69785886363742,8.00279982052121,4.11633838374488,2.94952520485207
Inflation, consumer prices (annual %),FP.CPI.TOTL.ZG,Uruguay,URY,8.87735333229825,8.66626987079334,9.63941347635079,6.21809382561856,7.60653360377048,7.88198870879619,9.75640636078194,7.74791402314763,9.10437983075439,5.86910359896118,4.84914366613156
Inflation, consumer prices (annual %),FP.CPI.TOTL.ZG,Uzbekistan,UZB,9.28309356162694,8.75188196737505,8.13088669523601,13.8757425441635,17.5241796514055,14.5257359560686,12.8677297362607,10.8492397508122,11.4466436998836,9.95659071258019,9.62825465956682
Inflation, consumer prices (annual %),FP.CPI.TOTL.ZG,Vanuatu,VUT,0.798863838096929,2.48326875660444,0.842069084035058,3.08452624403545,2.33096379566871,2.76252019386107,5.32935073101714,2.34328358208955,6.67930581887123,11.1825017088175,..
Inflation, consumer prices (annual %),FP.CPI.TOTL.ZG,Viet Nam,VNM,4.08455446637623,0.63120090517572,2.66824816969081,3.52025688811621,3.53962805942638,2.79582367452249,3.22093436652516,1.83471554810446,3.15650749963127,3.25289282667661,3.62109273885847
Inflation, consumer prices (annual %),FP.CPI.TOTL.ZG,Zambia,ZMB,7.80687553566327,10.1105928909618,17.8697300795268,6.57731154205644,7.49457192728517,9.15031644316299,15.7330604721369,22.0207676245776,10.9932039209136,10.884531691282,14.9856262747939
Inflation, consumer prices (annual %),FP.CPI.TOTL.ZG,Africa Eastern and Southern,AFE,5.3702896100859,5.24587835022454,6.59650490696546,6.3993434156938,4.72080474200537,4.64496717329564,5.40516207933395,7.24097765588445,10.7737512242899,7.12697482131851,4.42547050381206
Inflation, consumer prices (annual %),FP.CPI.TOTL.ZG,Africa Western and Central,AFW,1.76843582146222,2.13081738058794,1.48741550755545,1.72548602374726,1.78404994832042,1.98309228487231,2.4903778393195,3.74556782333006,7.9309292543009,5.48928568141135,3.6159657021514
Inflation, consumer prices (annual %),FP.CPI.TOTL.ZG,Arab World,ARB,2.89947905006051,2.55167715246306,2.67659170098194,2.17183298510004,2.45719835917882,1.09184802655853,1.61222220402458,2.96581008346286,5.0875420085391,3.64216403030709,2.07655387954205
Inflation, consumer prices (annual %),FP.CPI.TOTL.ZG,Caribbean small states,CSS,1.14542060958209,-0.852705497032977,0.402621696824936,1.69929570459838,1.20715793367006,1.00054293027233,0.121434644614868,2.22891330700348,5.82838638517964,4.47720868651286,1.84256311073283
Inflation, consumer prices (annual %),FP.CPI.TOTL.ZG,Central Europe and the Baltics,CEB,0.0538213132399892,-0.464499004644924,-0.0549995416704661,2.07593553673849,2.53445424186594,2.66456133425436,1.67244096855763,3.83984491500143,14.6081439492433,9.44284140088566,2.75760909424273
Inflation, consumer prices (annual %),FP.CPI.TOTL.ZG,Early-demographic dividend,EAR,4.01861608078671,3.12900274473927,3.52317317628478,3.60247741348943,3.97561015740694,2.76252019386107,2.96354992076063,4.14968003360264,7.19861615609861,5.88585897042163,3.30223338951224
Inflation, consumer prices (annual %),FP.CPI.TOTL.ZG,East Asia & Pacific,EAS,2.49939951892551,0.795279630579784,1.2769909449733,1.80034222468618,2.36854905806702,1.70397863236261,0.846905537459283,2.47710241465446,5.34595440908903,5.21536927681554,2.35562726119282
Inflation, consumer prices (annual %),FP.CPI.TOTL.ZG,East Asia & Pacific (excluding high income),EAP,2.82693342066399,1.22393195511124,1.91731090233377,2.91263557371475,3.19834755924998,1.94257500833107,2.40629214387009,2.69891859529198,5.37734908193986,5.97802515541414,2.6825794243762
Inflation, consumer prices (annual %),FP.CPI.TOTL.ZG,East Asia & Pacific (IDA & IBRD countries),TEA,3.14299050879097,1.08648629940417,1.75711158908292,2.88291164981209,2.91740978470448,1.93321335810517,2.39316239316239,2.61248185776488,5.40874375479069,6.16457747898299,2.23172772921704
Inflation, consumer prices (annual %),FP.CPI.TOTL.ZG,Euro area,EMU,0.220195628198783,-0.085207229696361,0.166009884375597,1.37503641525343,1.68923965804135,1.44123966942342,0.186938139702113,2.48650438120822,8.4711764559089,5.78431554960867,2.18497406958038
Inflation, consumer prices (annual %),FP.CPI.TOTL.ZG,Europe & Central Asia,ECS,0.620490636732384,0.36804684232537,0.388838296895841,1.9155884645826,2.01321972250341,1.76373586528845,1.19998396936027,3.19017771027093,10.7805806758686,7.44687717385836,2.74954977606439
Inflation, consumer prices (annual %),FP.CPI.TOTL.ZG,Europe & Central Asia (excluding high income),ECA,3.06881210379543,4.02768573742726,2.13492713939121,4.60357355778863,2.56572880132715,2.64328192719552,2.74615078213777,6.91756771076073,13.8875841659222,9.07365149809048,3.48974086026954
Inflation, consumer prices (annual %),FP.CPI.TOTL.ZG,Europe & Central Asia (IDA & IBRD countries),TEC,2.53187831406914,3.86763469978396,1.1988728289259,3.13106248590118,2.61122378263799,2.67599202639889,2.73249209419427,5.10641129002836,13.8875841659222,9.40235694928791,3.48974086026954
Inflation, consumer prices (annual %),FP.CPI.TOTL.ZG,European Union,EUU,0.199343826570771,-0.0616446800641597,0.183334861123829,1.42910743319303,1.73860861988179,1.63052260754342,0.476498852725014,2.55450699642037,8.83369886749455,6.29942487419122,2.43531202435312
Inflation, consumer prices (annual %),FP.CPI.TOTL.ZG,Fragile and conflict affected situations,FCS,2.43294141599223,3.16909796750827,3.78722687618845,4.25103775087231,3.21453925489093,2.37758732789784,2.9308718405117,4.37147715792633,7.00530945399787,7.11459205344453,4.42622607851949
Inflation, consumer prices (annual %),FP.CPI.TOTL.ZG,Heavily indebted poor countries (HIPC),HPC,3.96986045166307,3.77406982025571,4.66466235810214,4.97595150553836,3.06735996058356,2.80270307928108,3.48393567493207,4.48087963413447,9.57337118555955,7.12697482131851,4.53061267315864
Inflation, consumer prices (annual %),FP.CPI.TOTL.ZG,High income,HIC,1.04119621178439,0.330027165141348,0.39476930668638,1.58909413567799,1.88110801380598,1.61519988737214,0.598986330824666,2.5183710961421,7.35165155325367,4.83372362825795,2.35166355962357
Inflation, consumer prices (annual %),FP.CPI.TOTL.ZG,IBRD only,IBD,3.58922016616669,3.12900274473927,2.12081713361586,3.32389447576103,3.22703471046143,2.58405829251272,2.41513094083414,4.27166381536798,8.95773596177512,6.07524384579656,3.3367500928228
Inflation, consumer prices (annual %),FP.CPI.TOTL.ZG,IDA & IBRD total,IBT,3.51695551369242,3.15783117980925,2.81833288054799,3.44637335032668,3.19834755924998,2.68537355266785,2.91924445145124,4.26020772482841,8.48730869535042,6.27439667698539,3.60452203847959
Inflation, consumer prices (annual %),FP.CPI.TOTL.ZG,IDA blend,IDB,1.20139964481059,1.37488542621438,1.65038994431567,1.14765339305811,2.4803084319191,1.989587441209,2.11018901952464,3.46677876951927,6.32752007290451,4.56457719814893,3.46637314660163
Inflation, consumer prices (annual %),FP.CPI.TOTL.ZG,IDA only,IDX,4.12924306873774,3.55075967356746,3.95888846593072,4.44769937376297,3.06735996058356,2.86758803446903,4.20179312190558,4.48087963413447,9.45801281304023,7.12086716935025,4.19081721344524
Inflation, consumer prices (annual %),FP.CPI.TOTL.ZG,IDA total,IDA,3.47756105663922,3.16346457365876,3.37153003512097,3.89251625363387,2.9676036600445,2.72643037388829,3.48393567493207,4.18621506523519,8.06408196804895,7.10220928557054,3.92206330291069
Inflation, consumer prices (annual %),FP.CPI.TOTL.ZG,Late-demographic dividend,LTE,2.04461481539334,1.55790711346268,1.10920805807031,2.17727572689262,2.47446347118432,2.16176258133053,1.93694126694221,3.49505757399449,8.51819703483592,6.19528319961629,2.89855072463763
Inflation, consumer prices (annual %),FP.CPI.TOTL.ZG,Latin America & Caribbean,LCN,3.38341272749477,1.86148302863365,1.65038994431567,2.19201010963042,2.37951733360488,2.37167859363037,1.49389017299585,3.87805442411132,7.71367726901419,4.78561281021137,3.30223338951224
Inflation, consumer prices (annual %),FP.CPI.TOTL.ZG,Latin America & Caribbean (excluding high income),LAC,3.42826414810782,3.14341696227426,2.77316004021469,3.36296514855607,3.4025017947204,2.50460959460401,2.5266350008471,4.27166381536798,8.33370630096233,5.08677483158105,3.83540271728534
Inflation, consumer prices (annual %),FP.CPI.TOTL.ZG,Latin America & the Caribbean (IDA & IBRD countries),TLA,3.42826414810782,2.92482169718978,2.53781710390565,2.8227580554717,2.32414485367922,2.09604635327805,1.76751592356698,4.26105127422814,7.89627619168551,4.92637573192676,3.46497037946077
Inflation, consumer prices (annual %),FP.CPI.TOTL.ZG,Least developed countries: UN classification,LDC,4.12924306873774,3.55075967356746,5.51352572692994,4.77424402935671,3.4779666691496,3.32090626980375,4.46414437232861,4.18621506523519,8.83128161964115,7.12697482131851,5.21364286316532
Inflation, consumer prices (annual %),FP.CPI.TOTL.ZG,Low & middle income,LMY,3.52566203758284,3.19377155203379,3.01913975139129,3.66699702675919,3.2405693293057,2.75709727562778,3.02272119663757,4.25936417542868,8.32008377271929,6.20657592272128,3.69663281355523
Inflation, consumer prices (annual %),FP.CPI.TOTL.ZG,Low income,LIC,3.74052951571965,4.37712665065658,5.70637504616216,8.1568632340337,2.79180778478361,2.83514555687505,4.46414437232861,5.1332034082496,9.50611771237136,7.12697482131851,4.19081721344524
Inflation, consumer prices (annual %),FP.CPI.TOTL.ZG,Lower middle income,LMC,5.08770819355614,3.39401538410559,3.52317317628478,3.73888388490667,4.1763772204447,3.39341969627972,4.92488537408931,4.31527983386856,7.65532722535376,7.24878668009589,4.60621098127105
Inflation, consumer prices (annual %),FP.CPI.TOTL.ZG,Middle income,MIC,3.52566203758284,3.15783117980925,2.73151216017021,3.44637335032668,3.46147484973737,2.72643037388829,2.74615078213777,4.12081596526564,8.28913257195325,6.09852132676208,3.60452203847959
Inflation, consumer prices (annual %),FP.CPI.TOTL.ZG,North America,NAC,1.76442944229342,0.621934248247615,1.3451713763581,1.86349706609465,2.3554044847046,1.88073954968808,0.97529201430705,4.04652602445637,7.40280048696865,3.99766999081457,2.66555451883189
Inflation, consumer prices (annual %),FP.CPI.TOTL.ZG,OECD members,OED,0.624517311086547,0.338705695410185,0.443258157565797,1.82264336059061,1.93246812286361,1.74071267870184,0.732851645175847,2.81528854435833,8.23803240697185,5.67767862615429,2.76589367979524
Inflation, consumer prices (annual %),FP.CPI.TOTL.ZG,Other small states,OSS,1.22741398857008,1.02687746128346,0.572606092569466,2.07032579116868,2.62384789639848,1.37436338032504,0.638544956776647,2.44608867175474,7.00530945399787,5.09396758978879,2.06284153005467
Inflation, consumer prices (annual %),FP.CPI.TOTL.ZG,Pacific island small states,PSS,0.798863838096929,0.648242939254504,1.07339388853344,1.58394248575813,2.89621932270304,1.40719939417024,0.386388224517504,2.47788271992721,6.09871755232029,7.92164684826778,..
Inflation, consumer prices (annual %),FP.CPI.TOTL.ZG,Post-demographic dividend,PST,0.906794000434214,0.36804684232537,0.607397074641636,1.73079959118893,1.73860861988179,1.61963190184049,0.63226733191168,2.50835221473775,7.87737003690614,5.09396758978879,2.44091572720695
Inflation, consumer prices (annual %),FP.CPI.TOTL.ZG,Pre-demographic dividend,PRE,3.53436856147326,3.55075967356746,4.66466235810214,4.97595150553836,2.9676036600445,2.45280214062729,3.48393567493207,4.25936417542868,8.06408196804895,7.10220928557054,4.07856834812022
Inflation, consumer prices (annual %),FP.CPI.TOTL.ZG,Small states,SST,1.11296303373857,0.562405884956053,0.643389055936922,1.75515618332652,2.10970464135021,1.17954334821804,0.576790480838927,2.41075255288778,6.13440586021486,5.0769567426116,2.20209151718041
Inflation, consumer prices (annual %),FP.CPI.TOTL.ZG,South Asia,SAS,6.82864780544372,4.72755869604733,4.45355240327603,4.29108988840868,3.33139516437674,3.6289496588547,5.66021998689359,5.33853088974922,7.1749129543919,6.38195135323064,2.76131569624095
Inflation, consumer prices (annual %),FP.CPI.TOTL.ZG,South Asia (IDA & IBRD),TSA,6.82864780544372,4.72755869604733,4.45355240327603,4.29108988840868,3.33139516437674,3.6289496588547,5.66021998689359,5.33853088974922,7.1749129543919,6.38195135323064,2.76131569624095
Inflation, consumer prices (annual %),FP.CPI.TOTL.ZG,Sub-Saharan Africa,SSF,4.4022530924343,3.55075967356746,5.43051966119157,5.19795180719177,4.09297819300639,2.83514555687505,3.48393567493207,4.61874544887136,8.83128161964115,6.69759990789842,4.21492822110782
Inflation, consumer prices (annual %),FP.CPI.TOTL.ZG,Sub-Saharan Africa (excluding high income),SSA,4.4022530924343,3.39401538410559,5.43051966119157,5.19795180719177,4.09297819300639,2.83514555687505,3.48393567493207,4.25936417542868,8.83128161964115,6.69759990789842,4.21492822110782
Inflation, consumer prices (annual %),FP.CPI.TOTL.ZG,Sub-Saharan Africa (IDA & IBRD countries),TSS,4.4022530924343,3.55075967356746,5.43051966119157,5.19795180719177,4.09297819300639,2.83514555687505,3.48393567493207,4.61874544887136,8.83128161964115,6.69759990789842,4.21492822110782
Inflation, consumer prices (annual %),FP.CPI.TOTL.ZG,Upper middle income,UMC,3.03372718252382,2.24655506538953,2.09056659525741,3.3082807676822,3.04505397337069,1.84922984511088,1.82893754590454,4.05681586746244,9.0383038041557,5.07719516250967,3.05252419284581
Inflation, consumer prices (annual %),FP.CPI.TOTL.ZG,World,WLD,2.35449052820362,1.45069057605953,1.60553917414213,2.2542765193481,2.44989082805349,2.21677593359912,1.91983527270797,3.48388055266683,7.9309292543009,5.87110177678991,2.94952520485207